name,path,parent_dir,type,size_bytes
.git,D:\GB\Разработчик — Data Engineer. Технологическая специализация\Погружение в Python. Part 1 (семинары в записи)\.git,D:\GB\Разработчик — Data Engineer. Технологическая специализация\Погружение в Python. Part 1 (семинары в записи),directory,437808
COMMIT_EDITMSG,D:\GB\Разработчик — Data Engineer. Технологическая специализация\Погружение в Python. Part 1 (семинары в записи)\.git\COMMIT_EDITMSG,D:\GB\Разработчик — Data Engineer. Технологическая специализация\Погружение в Python. Part 1 (семинары в записи)\.git,file,44
config,D:\GB\Разработчик — Data Engineer. Технологическая специализация\Погружение в Python. Part 1 (семинары в записи)\.git\config,D:\GB\Разработчик — Data Engineer. Технологическая специализация\Погружение в Python. Part 1 (семинары в записи)\.git,file,302
description,D:\GB\Разработчик — Data Engineer. Технологическая специализация\Погружение в Python. Part 1 (семинары в записи)\.git\description,D:\GB\Разработчик — Data Engineer. Технологическая специализация\Погружение в Python. Part 1 (семинары в записи)\.git,file,73
HEAD,D:\GB\Разработчик — Data Engineer. Технологическая специализация\Погружение в Python. Part 1 (семинары в записи)\.git\HEAD,D:\GB\Разработчик — Data Engineer. Технологическая специализация\Погружение в Python. Part 1 (семинары в записи)\.git,file,21
hooks,D:\GB\Разработчик — Data Engineer. Технологическая специализация\Погружение в Python. Part 1 (семинары в записи)\.git\hooks,D:\GB\Разработчик — Data Engineer. Технологическая специализация\Погружение в Python. Part 1 (семинары в записи)\.git,directory,25821
applypatch-msg.sample,D:\GB\Разработчик — Data Engineer. Технологическая специализация\Погружение в Python. Part 1 (семинары в записи)\.git\hooks\applypatch-msg.sample,D:\GB\Разработчик — Data Engineer. Технологическая специализация\Погружение в Python. Part 1 (семинары в записи)\.git\hooks,file,478
commit-msg.sample,D:\GB\Разработчик — Data Engineer. Технологическая специализация\Погружение в Python. Part 1 (семинары в записи)\.git\hooks\commit-msg.sample,D:\GB\Разработчик — Data Engineer. Технологическая специализация\Погружение в Python. Part 1 (семинары в записи)\.git\hooks,file,896
fsmonitor-watchman.sample,D:\GB\Разработчик — Data Engineer. Технологическая специализация\Погружение в Python. Part 1 (семинары в записи)\.git\hooks\fsmonitor-watchman.sample,D:\GB\Разработчик — Data Engineer. Технологическая специализация\Погружение в Python. Part 1 (семинары в записи)\.git\hooks,file,4726
post-update.sample,D:\GB\Разработчик — Data Engineer. Технологическая специализация\Погружение в Python. Part 1 (семинары в записи)\.git\hooks\post-update.sample,D:\GB\Разработчик — Data Engineer. Технологическая специализация\Погружение в Python. Part 1 (семинары в записи)\.git\hooks,file,189
pre-applypatch.sample,D:\GB\Разработчик — Data Engineer. Технологическая специализация\Погружение в Python. Part 1 (семинары в записи)\.git\hooks\pre-applypatch.sample,D:\GB\Разработчик — Data Engineer. Технологическая специализация\Погружение в Python. Part 1 (семинары в записи)\.git\hooks,file,424
pre-commit.sample,D:\GB\Разработчик — Data Engineer. Технологическая специализация\Погружение в Python. Part 1 (семинары в записи)\.git\hooks\pre-commit.sample,D:\GB\Разработчик — Data Engineer. Технологическая специализация\Погружение в Python. Part 1 (семинары в записи)\.git\hooks,file,1643
pre-merge-commit.sample,D:\GB\Разработчик — Data Engineer. Технологическая специализация\Погружение в Python. Part 1 (семинары в записи)\.git\hooks\pre-merge-commit.sample,D:\GB\Разработчик — Data Engineer. Технологическая специализация\Погружение в Python. Part 1 (семинары в записи)\.git\hooks,file,416
pre-push.sample,D:\GB\Разработчик — Data Engineer. Технологическая специализация\Погружение в Python. Part 1 (семинары в записи)\.git\hooks\pre-push.sample,D:\GB\Разработчик — Data Engineer. Технологическая специализация\Погружение в Python. Part 1 (семинары в записи)\.git\hooks,file,1374
pre-rebase.sample,D:\GB\Разработчик — Data Engineer. Технологическая специализация\Погружение в Python. Part 1 (семинары в записи)\.git\hooks\pre-rebase.sample,D:\GB\Разработчик — Data Engineer. Технологическая специализация\Погружение в Python. Part 1 (семинары в записи)\.git\hooks,file,4898
pre-receive.sample,D:\GB\Разработчик — Data Engineer. Технологическая специализация\Погружение в Python. Part 1 (семинары в записи)\.git\hooks\pre-receive.sample,D:\GB\Разработчик — Data Engineer. Технологическая специализация\Погружение в Python. Part 1 (семинары в записи)\.git\hooks,file,544
prepare-commit-msg.sample,D:\GB\Разработчик — Data Engineer. Технологическая специализация\Погружение в Python. Part 1 (семинары в записи)\.git\hooks\prepare-commit-msg.sample,D:\GB\Разработчик — Data Engineer. Технологическая специализация\Погружение в Python. Part 1 (семинары в записи)\.git\hooks,file,1492
push-to-checkout.sample,D:\GB\Разработчик — Data Engineer. Технологическая специализация\Погружение в Python. Part 1 (семинары в записи)\.git\hooks\push-to-checkout.sample,D:\GB\Разработчик — Data Engineer. Технологическая специализация\Погружение в Python. Part 1 (семинары в записи)\.git\hooks,file,2783
sendemail-validate.sample,D:\GB\Разработчик — Data Engineer. Технологическая специализация\Погружение в Python. Part 1 (семинары в записи)\.git\hooks\sendemail-validate.sample,D:\GB\Разработчик — Data Engineer. Технологическая специализация\Погружение в Python. Part 1 (семинары в записи)\.git\hooks,file,2308
update.sample,D:\GB\Разработчик — Data Engineer. Технологическая специализация\Погружение в Python. Part 1 (семинары в записи)\.git\hooks\update.sample,D:\GB\Разработчик — Data Engineer. Технологическая специализация\Погружение в Python. Part 1 (семинары в записи)\.git\hooks,file,3650
index,D:\GB\Разработчик — Data Engineer. Технологическая специализация\Погружение в Python. Part 1 (семинары в записи)\.git\index,D:\GB\Разработчик — Data Engineer. Технологическая специализация\Погружение в Python. Part 1 (семинары в записи)\.git,file,377
info,D:\GB\Разработчик — Data Engineer. Технологическая специализация\Погружение в Python. Part 1 (семинары в записи)\.git\info,D:\GB\Разработчик — Data Engineer. Технологическая специализация\Погружение в Python. Part 1 (семинары в записи)\.git,directory,240
exclude,D:\GB\Разработчик — Data Engineer. Технологическая специализация\Погружение в Python. Part 1 (семинары в записи)\.git\info\exclude,D:\GB\Разработчик — Data Engineer. Технологическая специализация\Погружение в Python. Part 1 (семинары в записи)\.git\info,file,240
logs,D:\GB\Разработчик — Data Engineer. Технологическая специализация\Погружение в Python. Part 1 (семинары в записи)\.git\logs,D:\GB\Разработчик — Data Engineer. Технологическая специализация\Погружение в Python. Part 1 (семинары в записи)\.git,directory,5010
HEAD,D:\GB\Разработчик — Data Engineer. Технологическая специализация\Погружение в Python. Part 1 (семинары в записи)\.git\logs\HEAD,D:\GB\Разработчик — Data Engineer. Технологическая специализация\Погружение в Python. Part 1 (семинары в записи)\.git\logs,file,1959
refs,D:\GB\Разработчик — Data Engineer. Технологическая специализация\Погружение в Python. Part 1 (семинары в записи)\.git\logs\refs,D:\GB\Разработчик — Data Engineer. Технологическая специализация\Погружение в Python. Part 1 (семинары в записи)\.git\logs,directory,3051
heads,D:\GB\Разработчик — Data Engineer. Технологическая специализация\Погружение в Python. Part 1 (семинары в записи)\.git\logs\refs\heads,D:\GB\Разработчик — Data Engineer. Технологическая специализация\Погружение в Python. Part 1 (семинары в записи)\.git\logs\refs,directory,1782
main,D:\GB\Разработчик — Data Engineer. Технологическая специализация\Погружение в Python. Part 1 (семинары в записи)\.git\logs\refs\heads\main,D:\GB\Разработчик — Data Engineer. Технологическая специализация\Погружение в Python. Part 1 (семинары в записи)\.git\logs\refs\heads,file,1782
remotes,D:\GB\Разработчик — Data Engineer. Технологическая специализация\Погружение в Python. Part 1 (семинары в записи)\.git\logs\refs\remotes,D:\GB\Разработчик — Data Engineer. Технологическая специализация\Погружение в Python. Part 1 (семинары в записи)\.git\logs\refs,directory,1269
origin,D:\GB\Разработчик — Data Engineer. Технологическая специализация\Погружение в Python. Part 1 (семинары в записи)\.git\logs\refs\remotes\origin,D:\GB\Разработчик — Data Engineer. Технологическая специализация\Погружение в Python. Part 1 (семинары в записи)\.git\logs\refs\remotes,directory,1269
main,D:\GB\Разработчик — Data Engineer. Технологическая специализация\Погружение в Python. Part 1 (семинары в записи)\.git\logs\refs\remotes\origin\main,D:\GB\Разработчик — Data Engineer. Технологическая специализация\Погружение в Python. Part 1 (семинары в записи)\.git\logs\refs\remotes\origin,file,1269
objects,D:\GB\Разработчик — Data Engineer. Технологическая специализация\Погружение в Python. Part 1 (семинары в записи)\.git\objects,D:\GB\Разработчик — Data Engineer. Технологическая специализация\Погружение в Python. Part 1 (семинары в записи)\.git,directory,405838
22,D:\GB\Разработчик — Data Engineer. Технологическая специализация\Погружение в Python. Part 1 (семинары в записи)\.git\objects\22,D:\GB\Разработчик — Data Engineer. Технологическая специализация\Погружение в Python. Part 1 (семинары в записи)\.git\objects,directory,47
212dfb39b81591361c9911b258621c8f9c8a2d,D:\GB\Разработчик — Data Engineer. Технологическая специализация\Погружение в Python. Part 1 (семинары в записи)\.git\objects\22\212dfb39b81591361c9911b258621c8f9c8a2d,D:\GB\Разработчик — Data Engineer. Технологическая специализация\Погружение в Python. Part 1 (семинары в записи)\.git\objects\22,file,47
2a,D:\GB\Разработчик — Data Engineer. Технологическая специализация\Погружение в Python. Part 1 (семинары в записи)\.git\objects\2a,D:\GB\Разработчик — Data Engineer. Технологическая специализация\Погружение в Python. Part 1 (семинары в записи)\.git\objects,directory,172
ffe213e8575c49d97282fbdac9fbb79d5f8505,D:\GB\Разработчик — Data Engineer. Технологическая специализация\Погружение в Python. Part 1 (семинары в записи)\.git\objects\2a\ffe213e8575c49d97282fbdac9fbb79d5f8505,D:\GB\Разработчик — Data Engineer. Технологическая специализация\Погружение в Python. Part 1 (семинары в записи)\.git\objects\2a,file,172
38,D:\GB\Разработчик — Data Engineer. Технологическая специализация\Погружение в Python. Part 1 (семинары в записи)\.git\objects\38,D:\GB\Разработчик — Data Engineer. Технологическая специализация\Погружение в Python. Part 1 (семинары в записи)\.git\objects,directory,200
fb0304eba5b6a91c27175c2577bd5693098772,D:\GB\Разработчик — Data Engineer. Технологическая специализация\Погружение в Python. Part 1 (семинары в записи)\.git\objects\38\fb0304eba5b6a91c27175c2577bd5693098772,D:\GB\Разработчик — Data Engineer. Технологическая специализация\Погружение в Python. Part 1 (семинары в записи)\.git\objects\38,file,200
44,D:\GB\Разработчик — Data Engineer. Технологическая специализация\Погружение в Python. Part 1 (семинары в записи)\.git\objects\44,D:\GB\Разработчик — Data Engineer. Технологическая специализация\Погружение в Python. Part 1 (семинары в записи)\.git\objects,directory,154
41849e594245caeed34a31c9209676e72ed230,D:\GB\Разработчик — Data Engineer. Технологическая специализация\Погружение в Python. Part 1 (семинары в записи)\.git\objects\44\41849e594245caeed34a31c9209676e72ed230,D:\GB\Разработчик — Data Engineer. Технологическая специализация\Погружение в Python. Part 1 (семинары в записи)\.git\objects\44,file,154
4b,D:\GB\Разработчик — Data Engineer. Технологическая специализация\Погружение в Python. Part 1 (семинары в записи)\.git\objects\4b,D:\GB\Разработчик — Data Engineer. Технологическая специализация\Погружение в Python. Part 1 (семинары в записи)\.git\objects,directory,15
825dc642cb6eb9a060e54bf8d69288fbee4904,D:\GB\Разработчик — Data Engineer. Технологическая специализация\Погружение в Python. Part 1 (семинары в записи)\.git\objects\4b\825dc642cb6eb9a060e54bf8d69288fbee4904,D:\GB\Разработчик — Data Engineer. Технологическая специализация\Погружение в Python. Part 1 (семинары в записи)\.git\objects\4b,file,15
51,D:\GB\Разработчик — Data Engineer. Технологическая специализация\Погружение в Python. Part 1 (семинары в записи)\.git\objects\51,D:\GB\Разработчик — Data Engineer. Технологическая специализация\Погружение в Python. Part 1 (семинары в записи)\.git\objects,directory,173
ddc15a13ec3991bae87af71f669dc3d992ad7d,D:\GB\Разработчик — Data Engineer. Технологическая специализация\Погружение в Python. Part 1 (семинары в записи)\.git\objects\51\ddc15a13ec3991bae87af71f669dc3d992ad7d,D:\GB\Разработчик — Data Engineer. Технологическая специализация\Погружение в Python. Part 1 (семинары в записи)\.git\objects\51,file,173
56,D:\GB\Разработчик — Data Engineer. Технологическая специализация\Погружение в Python. Part 1 (семинары в записи)\.git\objects\56,D:\GB\Разработчик — Data Engineer. Технологическая специализация\Погружение в Python. Part 1 (семинары в записи)\.git\objects,directory,6496
cee9ac47c6bc852f203b69c077d938da501a7d,D:\GB\Разработчик — Data Engineer. Технологическая специализация\Погружение в Python. Part 1 (семинары в записи)\.git\objects\56\cee9ac47c6bc852f203b69c077d938da501a7d,D:\GB\Разработчик — Data Engineer. Технологическая специализация\Погружение в Python. Part 1 (семинары в записи)\.git\objects\56,file,6496
5b,D:\GB\Разработчик — Data Engineer. Технологическая специализация\Погружение в Python. Part 1 (семинары в записи)\.git\objects\5b,D:\GB\Разработчик — Data Engineer. Технологическая специализация\Погружение в Python. Part 1 (семинары в записи)\.git\objects,directory,214
a22da3c4cce97133685a210b239a9e103fd582,D:\GB\Разработчик — Data Engineer. Технологическая специализация\Погружение в Python. Part 1 (семинары в записи)\.git\objects\5b\a22da3c4cce97133685a210b239a9e103fd582,D:\GB\Разработчик — Data Engineer. Технологическая специализация\Погружение в Python. Part 1 (семинары в записи)\.git\objects\5b,file,214
5c,D:\GB\Разработчик — Data Engineer. Технологическая специализация\Погружение в Python. Part 1 (семинары в записи)\.git\objects\5c,D:\GB\Разработчик — Data Engineer. Технологическая специализация\Погружение в Python. Part 1 (семинары в записи)\.git\objects,directory,1835
869325e2d6a5a93c1092be9b906937201779bd,D:\GB\Разработчик — Data Engineer. Технологическая специализация\Погружение в Python. Part 1 (семинары в записи)\.git\objects\5c\869325e2d6a5a93c1092be9b906937201779bd,D:\GB\Разработчик — Data Engineer. Технологическая специализация\Погружение в Python. Part 1 (семинары в записи)\.git\objects\5c,file,1835
6e,D:\GB\Разработчик — Data Engineer. Технологическая специализация\Погружение в Python. Part 1 (семинары в записи)\.git\objects\6e,D:\GB\Разработчик — Data Engineer. Технологическая специализация\Погружение в Python. Part 1 (семинары в записи)\.git\objects,directory,2248
0bb1fb100ece8a41cd214f68ceea92dadb1778,D:\GB\Разработчик — Data Engineer. Технологическая специализация\Погружение в Python. Part 1 (семинары в записи)\.git\objects\6e\0bb1fb100ece8a41cd214f68ceea92dadb1778,D:\GB\Разработчик — Data Engineer. Технологическая специализация\Погружение в Python. Part 1 (семинары в записи)\.git\objects\6e,file,2248
73,D:\GB\Разработчик — Data Engineer. Технологическая специализация\Погружение в Python. Part 1 (семинары в записи)\.git\objects\73,D:\GB\Разработчик — Data Engineer. Технологическая специализация\Погружение в Python. Part 1 (семинары в записи)\.git\objects,directory,199
dcc1f5578b37a9e90777f9bf6dcbe6348d80fe,D:\GB\Разработчик — Data Engineer. Технологическая специализация\Погружение в Python. Part 1 (семинары в записи)\.git\objects\73\dcc1f5578b37a9e90777f9bf6dcbe6348d80fe,D:\GB\Разработчик — Data Engineer. Технологическая специализация\Погружение в Python. Part 1 (семинары в записи)\.git\objects\73,file,199
78,D:\GB\Разработчик — Data Engineer. Технологическая специализация\Погружение в Python. Part 1 (семинары в записи)\.git\objects\78,D:\GB\Разработчик — Data Engineer. Технологическая специализация\Погружение в Python. Part 1 (семинары в записи)\.git\objects,directory,7491
50f0082ddee621c8652fdc32dbbbf3f2320b53,D:\GB\Разработчик — Data Engineer. Технологическая специализация\Погружение в Python. Part 1 (семинары в записи)\.git\objects\78\50f0082ddee621c8652fdc32dbbbf3f2320b53,D:\GB\Разработчик — Data Engineer. Технологическая специализация\Погружение в Python. Part 1 (семинары в записи)\.git\objects\78,file,7491
79,D:\GB\Разработчик — Data Engineer. Технологическая специализация\Погружение в Python. Part 1 (семинары в записи)\.git\objects\79,D:\GB\Разработчик — Data Engineer. Технологическая специализация\Погружение в Python. Part 1 (семинары в записи)\.git\objects,directory,187
c2d66b202810c54e016523bb385aa3c455e3cd,D:\GB\Разработчик — Data Engineer. Технологическая специализация\Погружение в Python. Part 1 (семинары в записи)\.git\objects\79\c2d66b202810c54e016523bb385aa3c455e3cd,D:\GB\Разработчик — Data Engineer. Технологическая специализация\Погружение в Python. Part 1 (семинары в записи)\.git\objects\79,file,187
93,D:\GB\Разработчик — Data Engineer. Технологическая специализация\Погружение в Python. Part 1 (семинары в записи)\.git\objects\93,D:\GB\Разработчик — Data Engineer. Технологическая специализация\Погружение в Python. Part 1 (семинары в записи)\.git\objects,directory,199
e771d1ca42833e938214fb8e34668ae04c1f5b,D:\GB\Разработчик — Data Engineer. Технологическая специализация\Погружение в Python. Part 1 (семинары в записи)\.git\objects\93\e771d1ca42833e938214fb8e34668ae04c1f5b,D:\GB\Разработчик — Data Engineer. Технологическая специализация\Погружение в Python. Part 1 (семинары в записи)\.git\objects\93,file,199
96,D:\GB\Разработчик — Data Engineer. Технологическая специализация\Погружение в Python. Part 1 (семинары в записи)\.git\objects\96,D:\GB\Разработчик — Data Engineer. Технологическая специализация\Погружение в Python. Part 1 (семинары в записи)\.git\objects,directory,133
1cf502c2f2e7ed584649a2d8f32d33a2d8f69a,D:\GB\Разработчик — Data Engineer. Технологическая специализация\Погружение в Python. Part 1 (семинары в записи)\.git\objects\96\1cf502c2f2e7ed584649a2d8f32d33a2d8f69a,D:\GB\Разработчик — Data Engineer. Технологическая специализация\Погружение в Python. Part 1 (семинары в записи)\.git\objects\96,file,133
9e,D:\GB\Разработчик — Data Engineer. Технологическая специализация\Погружение в Python. Part 1 (семинары в записи)\.git\objects\9e,D:\GB\Разработчик — Data Engineer. Технологическая специализация\Погружение в Python. Part 1 (семинары в записи)\.git\objects,directory,326
df48646980ed59c0d393893cab34a7678552cd,D:\GB\Разработчик — Data Engineer. Технологическая специализация\Погружение в Python. Part 1 (семинары в записи)\.git\objects\9e\df48646980ed59c0d393893cab34a7678552cd,D:\GB\Разработчик — Data Engineer. Технологическая специализация\Погружение в Python. Part 1 (семинары в записи)\.git\objects\9e,file,326
a2,D:\GB\Разработчик — Data Engineer. Технологическая специализация\Погружение в Python. Part 1 (семинары в записи)\.git\objects\a2,D:\GB\Разработчик — Data Engineer. Технологическая специализация\Погружение в Python. Part 1 (семинары в записи)\.git\objects,directory,133
e13e920850216ed6c321e9ac7a2e0be04c0dfd,D:\GB\Разработчик — Data Engineer. Технологическая специализация\Погружение в Python. Part 1 (семинары в записи)\.git\objects\a2\e13e920850216ed6c321e9ac7a2e0be04c0dfd,D:\GB\Разработчик — Data Engineer. Технологическая специализация\Погружение в Python. Part 1 (семинары в записи)\.git\objects\a2,file,133
a3,D:\GB\Разработчик — Data Engineer. Технологическая специализация\Погружение в Python. Part 1 (семинары в записи)\.git\objects\a3,D:\GB\Разработчик — Data Engineer. Технологическая специализация\Погружение в Python. Part 1 (семинары в записи)\.git\objects,directory,128
9a3d7a4b87f03d98e86e62dae017e45897bf91,D:\GB\Разработчик — Data Engineer. Технологическая специализация\Погружение в Python. Part 1 (семинары в записи)\.git\objects\a3\9a3d7a4b87f03d98e86e62dae017e45897bf91,D:\GB\Разработчик — Data Engineer. Технологическая специализация\Погружение в Python. Part 1 (семинары в записи)\.git\objects\a3,file,128
b7,D:\GB\Разработчик — Data Engineer. Технологическая специализация\Погружение в Python. Part 1 (семинары в записи)\.git\objects\b7,D:\GB\Разработчик — Data Engineer. Технологическая специализация\Погружение в Python. Part 1 (семинары в записи)\.git\objects,directory,331
2f2d5240a3a7c15d4aae18cb9627d43d4dd8dd,D:\GB\Разработчик — Data Engineer. Технологическая специализация\Погружение в Python. Part 1 (семинары в записи)\.git\objects\b7\2f2d5240a3a7c15d4aae18cb9627d43d4dd8dd,D:\GB\Разработчик — Data Engineer. Технологическая специализация\Погружение в Python. Part 1 (семинары в записи)\.git\objects\b7,file,133
e7d373af2abf1472c7f816411523d45a6bb1dc,D:\GB\Разработчик — Data Engineer. Технологическая специализация\Погружение в Python. Part 1 (семинары в записи)\.git\objects\b7\e7d373af2abf1472c7f816411523d45a6bb1dc,D:\GB\Разработчик — Data Engineer. Технологическая специализация\Погружение в Python. Part 1 (семинары в записи)\.git\objects\b7,file,198
b9,D:\GB\Разработчик — Data Engineer. Технологическая специализация\Погружение в Python. Part 1 (семинары в записи)\.git\objects\b9,D:\GB\Разработчик — Data Engineer. Технологическая специализация\Погружение в Python. Part 1 (семинары в записи)\.git\objects,directory,197
8847f3752f8d6475c015f57ab46cec9ce005d5,D:\GB\Разработчик — Data Engineer. Технологическая специализация\Погружение в Python. Part 1 (семинары в записи)\.git\objects\b9\8847f3752f8d6475c015f57ab46cec9ce005d5,D:\GB\Разработчик — Data Engineer. Технологическая специализация\Погружение в Python. Part 1 (семинары в записи)\.git\objects\b9,file,197
cb,D:\GB\Разработчик — Data Engineer. Технологическая специализация\Погружение в Python. Part 1 (семинары в записи)\.git\objects\cb,D:\GB\Разработчик — Data Engineer. Технологическая специализация\Погружение в Python. Part 1 (семинары в записи)\.git\objects,directory,199
696d40699cbfc0c87a8abf09bd93342f1b3fc8,D:\GB\Разработчик — Data Engineer. Технологическая специализация\Погружение в Python. Part 1 (семинары в записи)\.git\objects\cb\696d40699cbfc0c87a8abf09bd93342f1b3fc8,D:\GB\Разработчик — Data Engineer. Технологическая специализация\Погружение в Python. Part 1 (семинары в записи)\.git\objects\cb,file,199
de,D:\GB\Разработчик — Data Engineer. Технологическая специализация\Погружение в Python. Part 1 (семинары в записи)\.git\objects\de,D:\GB\Разработчик — Data Engineer. Технологическая специализация\Погружение в Python. Part 1 (семинары в записи)\.git\objects,directory,4364
8c7b6eaea72e7dd0821502dab583efc7b387d7,D:\GB\Разработчик — Data Engineer. Технологическая специализация\Погружение в Python. Part 1 (семинары в записи)\.git\objects\de\8c7b6eaea72e7dd0821502dab583efc7b387d7,D:\GB\Разработчик — Data Engineer. Технологическая специализация\Погружение в Python. Part 1 (семинары в записи)\.git\objects\de,file,4364
e6,D:\GB\Разработчик — Data Engineer. Технологическая специализация\Погружение в Python. Part 1 (семинары в записи)\.git\objects\e6,D:\GB\Разработчик — Data Engineer. Технологическая специализация\Погружение в Python. Part 1 (семинары в записи)\.git\objects,directory,15
9de29bb2d1d6434b8b29ae775ad8c2e48c5391,D:\GB\Разработчик — Data Engineer. Технологическая специализация\Погружение в Python. Part 1 (семинары в записи)\.git\objects\e6\9de29bb2d1d6434b8b29ae775ad8c2e48c5391,D:\GB\Разработчик — Data Engineer. Технологическая специализация\Погружение в Python. Part 1 (семинары в записи)\.git\objects\e6,file,15
e8,D:\GB\Разработчик — Data Engineer. Технологическая специализация\Погружение в Python. Part 1 (семинары в записи)\.git\objects\e8,D:\GB\Разработчик — Data Engineer. Технологическая специализация\Погружение в Python. Part 1 (семинары в записи)\.git\objects,directory,198
1541ab4ca6a26534b3b13e2565d23ec02be97a,D:\GB\Разработчик — Data Engineer. Технологическая специализация\Погружение в Python. Part 1 (семинары в записи)\.git\objects\e8\1541ab4ca6a26534b3b13e2565d23ec02be97a,D:\GB\Разработчик — Data Engineer. Технологическая специализация\Погружение в Python. Part 1 (семинары в записи)\.git\objects\e8,file,198
e9,D:\GB\Разработчик — Data Engineer. Технологическая специализация\Погружение в Python. Part 1 (семинары в записи)\.git\objects\e9,D:\GB\Разработчик — Data Engineer. Технологическая специализация\Погружение в Python. Part 1 (семинары в записи)\.git\objects,directory,7489
8eb273a9afc206a6a3ff4654e0c2d21febf7d7,D:\GB\Разработчик — Data Engineer. Технологическая специализация\Погружение в Python. Part 1 (семинары в записи)\.git\objects\e9\8eb273a9afc206a6a3ff4654e0c2d21febf7d7,D:\GB\Разработчик — Data Engineer. Технологическая специализация\Погружение в Python. Part 1 (семинары в записи)\.git\objects\e9,file,7489
ec,D:\GB\Разработчик — Data Engineer. Технологическая специализация\Погружение в Python. Part 1 (семинары в записи)\.git\objects\ec,D:\GB\Разработчик — Data Engineer. Технологическая специализация\Погружение в Python. Part 1 (семинары в записи)\.git\objects,directory,133
341566b6679e5ea50f04654141c885673025ec,D:\GB\Разработчик — Data Engineer. Технологическая специализация\Погружение в Python. Part 1 (семинары в записи)\.git\objects\ec\341566b6679e5ea50f04654141c885673025ec,D:\GB\Разработчик — Data Engineer. Технологическая специализация\Погружение в Python. Part 1 (семинары в записи)\.git\objects\ec,file,133
f0,D:\GB\Разработчик — Data Engineer. Технологическая специализация\Погружение в Python. Part 1 (семинары в записи)\.git\objects\f0,D:\GB\Разработчик — Data Engineer. Технологическая специализация\Погружение в Python. Part 1 (семинары в записи)\.git\objects,directory,133
cb804cc2ccc7cd56f3997836653d72675fe5c6,D:\GB\Разработчик — Data Engineer. Технологическая специализация\Погружение в Python. Part 1 (семинары в записи)\.git\objects\f0\cb804cc2ccc7cd56f3997836653d72675fe5c6,D:\GB\Разработчик — Data Engineer. Технологическая специализация\Погружение в Python. Part 1 (семинары в записи)\.git\objects\f0,file,133
f1,D:\GB\Разработчик — Data Engineer. Технологическая специализация\Погружение в Python. Part 1 (семинары в записи)\.git\objects\f1,D:\GB\Разработчик — Data Engineer. Технологическая специализация\Погружение в Python. Part 1 (семинары в записи)\.git\objects,directory,2268
754fe48b9905b6d1c502210889c056b5fcc80f,D:\GB\Разработчик — Data Engineer. Технологическая специализация\Погружение в Python. Part 1 (семинары в записи)\.git\objects\f1\754fe48b9905b6d1c502210889c056b5fcc80f,D:\GB\Разработчик — Data Engineer. Технологическая специализация\Погружение в Python. Part 1 (семинары в записи)\.git\objects\f1,file,2268
f3,D:\GB\Разработчик — Data Engineer. Технологическая специализация\Погружение в Python. Part 1 (семинары в записи)\.git\objects\f3,D:\GB\Разработчик — Data Engineer. Технологическая специализация\Погружение в Python. Part 1 (семинары в записи)\.git\objects,directory,370161
18cb34ffdc8e4d1ed237ae69e706b1d5c8335f,D:\GB\Разработчик — Data Engineer. Технологическая специализация\Погружение в Python. Part 1 (семинары в записи)\.git\objects\f3\18cb34ffdc8e4d1ed237ae69e706b1d5c8335f,D:\GB\Разработчик — Data Engineer. Технологическая специализация\Погружение в Python. Part 1 (семинары в записи)\.git\objects\f3,file,370161
info,D:\GB\Разработчик — Data Engineer. Технологическая специализация\Погружение в Python. Part 1 (семинары в записи)\.git\objects\info,D:\GB\Разработчик — Data Engineer. Технологическая специализация\Погружение в Python. Part 1 (семинары в записи)\.git\objects,directory,0
pack,D:\GB\Разработчик — Data Engineer. Технологическая специализация\Погружение в Python. Part 1 (семинары в записи)\.git\objects\pack,D:\GB\Разработчик — Data Engineer. Технологическая специализация\Погружение в Python. Part 1 (семинары в записи)\.git\objects,directory,0
refs,D:\GB\Разработчик — Data Engineer. Технологическая специализация\Погружение в Python. Part 1 (семинары в записи)\.git\refs,D:\GB\Разработчик — Data Engineer. Технологическая специализация\Погружение в Python. Part 1 (семинары в записи)\.git,directory,82
heads,D:\GB\Разработчик — Data Engineer. Технологическая специализация\Погружение в Python. Part 1 (семинары в записи)\.git\refs\heads,D:\GB\Разработчик — Data Engineer. Технологическая специализация\Погружение в Python. Part 1 (семинары в записи)\.git\refs,directory,41
main,D:\GB\Разработчик — Data Engineer. Технологическая специализация\Погружение в Python. Part 1 (семинары в записи)\.git\refs\heads\main,D:\GB\Разработчик — Data Engineer. Технологическая специализация\Погружение в Python. Part 1 (семинары в записи)\.git\refs\heads,file,41
remotes,D:\GB\Разработчик — Data Engineer. Технологическая специализация\Погружение в Python. Part 1 (семинары в записи)\.git\refs\remotes,D:\GB\Разработчик — Data Engineer. Технологическая специализация\Погружение в Python. Part 1 (семинары в записи)\.git\refs,directory,41
origin,D:\GB\Разработчик — Data Engineer. Технологическая специализация\Погружение в Python. Part 1 (семинары в записи)\.git\refs\remotes\origin,D:\GB\Разработчик — Data Engineer. Технологическая специализация\Погружение в Python. Part 1 (семинары в записи)\.git\refs\remotes,directory,41
main,D:\GB\Разработчик — Data Engineer. Технологическая специализация\Погружение в Python. Part 1 (семинары в записи)\.git\refs\remotes\origin\main,D:\GB\Разработчик — Data Engineer. Технологическая специализация\Погружение в Python. Part 1 (семинары в записи)\.git\refs\remotes\origin,file,41
tags,D:\GB\Разработчик — Data Engineer. Технологическая специализация\Погружение в Python. Part 1 (семинары в записи)\.git\refs\tags,D:\GB\Разработчик — Data Engineer. Технологическая специализация\Погружение в Python. Part 1 (семинары в записи)\.git\refs,directory,0
directory_scanner.py,D:\GB\Разработчик — Data Engineer. Технологическая специализация\Погружение в Python. Part 1 (семинары в записи)\directory_scanner.py,D:\GB\Разработчик — Data Engineer. Технологическая специализация\Погружение в Python. Part 1 (семинары в записи),file,8439
HW_Py_Part1.py,D:\GB\Разработчик — Data Engineer. Технологическая специализация\Погружение в Python. Part 1 (семинары в записи)\HW_Py_Part1.py,D:\GB\Разработчик — Data Engineer. Технологическая специализация\Погружение в Python. Part 1 (семинары в записи),file,20853
lesson7_rename.py,D:\GB\Разработчик — Data Engineer. Технологическая специализация\Погружение в Python. Part 1 (семинары в записи)\lesson7_rename.py,D:\GB\Разработчик — Data Engineer. Технологическая специализация\Погружение в Python. Part 1 (семинары в записи),file,6156
README.md,D:\GB\Разработчик — Data Engineer. Технологическая специализация\Погружение в Python. Part 1 (семинары в записи)\README.md,D:\GB\Разработчик — Data Engineer. Технологическая специализация\Погружение в Python. Part 1 (семинары в записи),file,38
Windows.docx.pdf,D:\GB\Разработчик — Data Engineer. Технологическая специализация\Погружение в Python. Part 1 (семинары в записи)\Windows.docx.pdf,D:\GB\Разработчик — Data Engineer. Технологическая специализация\Погружение в Python. Part 1 (семинары в записи),file,379018
